[{"name":"breadboard","description":"conventional solderless breadboard, .1 inch spread","minPrice":2.12,"salePrice":5.12,"status":"New"},{"name":"Wire Set","description":"MM, MF, FF Wires in an assortment of colors","minPrice":3.3,"salePrice":6.0,"status":"New"},{"name":"Epaper Display","description":"2.9 inch 3-color display","minPrice":13.4,"salePrice":22.5,"status":"New"},{"name":"Glasses Cleaner","description":"Glasses cleaning spray, 4 oz","minPrice":1.2,"salePrice":7.8,"status":"New"},{"name":"Rasperry Pi 4","description":"4 Gb RAM, ethernet and 2 USB 3.0 ports","minPrice":20.33,"salePrice":65.7,"status":"New"},{"name":"NodeMCU ESP32","description":"ESP32 Development board, 32 pins, WIFI and Bluetooth","minPrice":4.21,"salePrice":15.39,"status":"New"}]